file,status,signature,read_error
2024-05-22_20-15-28__d4BSIhXKP4UujLNMGIHh5yTlrk9er6Bwi4owjyLa.xlsx,ok,артикул | наименование | цена | заказ | сумма,
2024-05-27_11-38-55__hNuCmz6CvpwPnSxTREtVv6ZQGB3bTZr56918SsLU.xlsx,ok,артикул | наименование | цена | заказ | сумма,
2024-05-28_08-08-32__zk7wR9nCfyl72BWAlqRNyz5H6aakqI16F1v5ztMH.xlsx,ok,артикул | наименование | цена | заказ | сумма,
2024-05-29_08-13-48__l3jhDrALeEGaxFHxeWh2xQvCzCH1OIusUcNqARIe.xlsx,ok,артикул | наименование | цена | заказ | сумма,
2024-05-30_08-23-42__2VykganQpeYqkwUyug9Z15kV8uwQ9ENoBwDXqDV2.xlsx,ok,артикул | наименование | цена | заказ | сумма,
2024-05-31_07-58-41__nTD9nnAf4BCP04cQ1dgcdjlLeKTQDrTJ2hdLjWgp.xlsx,ok,артикул | наименование | цена | заказ | сумма,
2024-06-03_09-09-45__pB5DU9ru74PxqUlInPGXB5Y4qDRwEYXk4Pa9U93v.xlsx,ok,артикул | наименование | цена | заказ | сумма,
2024-06-04_08-17-12__pzFcVEyd41EqaOBBaXt5XGoVr4GsWtyYOw8AmP5q.xlsx,ok,артикул | наименование | цена | заказ | сумма,
2024-06-05_08-31-13__oboMdsPZViAOVlw2vMtQYg0X6H5e7dOIHyUEQBD5.xlsx,ok,артикул | наименование | цена | заказ | сумма,
2024-06-06_08-21-42__3HJ20NlyPZgeQuQPrf3gFSda1tTBvRj4TEcKd3IZ.xlsx,ok,артикул | наименование | цена | заказ | сумма,
2024-06-07_08-39-57__bvKkOmtgCKMJ2QtalyPBrWgPTU95MsZ0xWhn57s0.xlsx,ok,артикул | наименование | цена | заказ | сумма,
2024-06-10_08-51-33__fhKWI65xUegKoNxTvtsqk1rSEprR9pRdBeTpPC9K.xlsx,ok,артикул | наименование | цена | заказ | сумма,
2024-06-11_08-36-16__0UFjN9Rf46jIJvOC3m76NBv2vJzHwgHaRjkjJ8iR.xlsx,ok,артикул | наименование | цена | заказ | сумма,
2024-06-14_08-41-45__0vArbtOWvguODQmX8tftIeeYjCNx3G5AzSdQ2PrV.xlsx,ok,артикул | наименование | цена | заказ | сумма,
2024-06-17_08-42-27__R6lCmaeSHphtYz9QCCVNJDFnfNLmim9qzZTfuwJ8.xlsx,ok,артикул | наименование | цена | заказ | сумма,
2024-06-18_08-36-18__ktXrR4WhUOMH6LaEUnOGlsiQ94Kw1TY07yjCp3lr.xlsx,ok,артикул | наименование | цена | заказ | сумма,
2024-06-19_08-43-37__tzQt2ZnJUhwttF1NBy8Dc6wvDxaSzvEoNmnQ3a6S.xlsx,ok,артикул | наименование | цена | заказ | сумма,
2024-06-20_09-09-49__0sSpO35p9ish1swttUb6eoegXslQj7PSJ8HUdqXs.xlsx,ok,артикул | наименование | цена | заказ | сумма,
2024-06-21_08-35-33__d47dO02j1u59GmHcapIgA9LMTgamH5wNsg496VeS.xlsx,ok,артикул | наименование | цена | заказ | сумма,
2024-06-24_08-31-37__74JdpPTVMHx7agbHy0BeXjXscs9yW2vLIBohvu6y.xlsx,ok,артикул | наименование | цена | заказ | сумма,
2024-06-25_09-40-04__Q8rqRlmst9mQBXvP78krmQyeLXcGa7UHhlDfic7w.xlsx,ok,артикул | наименование | цена | заказ | сумма,
2024-06-26_09-39-52__V7gLibZ9cvXJdnWNzNRapjNrC3QR9qXGRpcb60uh.xlsx,ok,артикул | наименование | цена | заказ | сумма,
2024-06-27_07-07-22__6anjuvOoixzViq7xByTZZfnTaI9GSY0BGOK061eg.xlsx,ok,артикул | наименование | цена | заказ | сумма,
2024-06-28_07-24-29__Z7iXpZtWoYKjE13b6Bvzs9tKdBv55FhqySZVjKIx.xlsx,ok,артикул | наименование | цена | заказ | сумма,
2024-06-28_07-25-43__bLNdwIRXWlzamv0fZGxucWRsQuFoqtvSphT6VOlR.xlsx,ok,артикул | наименование | цена | заказ | сумма,
2024-07-01_11-46-26__uEkjRXi2ztSqXXQNuBsosQJQzllIGDVyZ2dlpDsy.xlsx,ok,артикул | наименование | цена | заказ | сумма,
2024-07-02_09-05-23__NryQZ1Zr3Lm0WUwlKOY0PAGkbfwYX7S7Bl7QfSzG.xlsx,ok,артикул | наименование | цена | заказ | сумма,
2024-07-03_10-13-04__g6k4sdVYVOenOkXnlNxj0JumMglc4lCr6Pw2aDHT.xlsx,ok,артикул | наименование | цена | заказ | сумма,
2024-07-04_08-24-51__IgsT5coSVYrr6pQzoRwCLQXKaAcncSHPv8mZh2OS.xlsx,ok,артикул | наименование | цена | заказ | сумма,
2024-07-05_08-40-03__clvXmaG8dFsFQf7iz27Db9HIIzqlDbQwnN3f1Ix4.xlsx,ok,артикул | наименование | цена | заказ | сумма,
2024-07-08_10-04-37__7VuIlExzM6jwYizVAubUQOdJXJtaJBNp1zJNFRC6.xlsx,ok,артикул | наименование | цена | заказ | сумма,
2024-07-09_10-24-26__9LTi7bmzFsFe8M0bzMITSFefQdX7Q5Bre7Ix0gAV.xlsx,ok,артикул | наименование | цена | заказ | сумма,
2024-07-10_08-51-59__nYkD9nSi1sXjBnSWauhJlkbmCJI5UocDWpw7tv2y.xlsx,ok,артикул | наименование | цена | заказ | сумма,
2024-07-11_10-21-08__8OlmQ8uPzu68Vz1pi5y5YEc24dVjHBpopjkPMMRw.xlsx,ok,артикул | наименование | цена | заказ | сумма,
2024-07-12_09-57-39__JLF7ywmhH4g06zfZDdPFGTgjqLv8G5u2Av1EZBXL.xlsx,ok,артикул | наименование | цена | заказ | сумма,
2024-07-12_10-59-05__FVwJsrWSCIYmvc7EsZh05nLN2a0JoAfEkMo6TsKH.xlsx,ok,артикул | наименование | цена | заказ | сумма,
2024-07-15_08-44-32__PwOn7XcAeHFhJSfSBiPPFhdOe0e2BbKRh2Wf3TFM.xlsx,ok,артикул | наименование | цена | заказ | сумма,
2024-07-16_11-36-58__PYcGZJ3vuJhKTBjabIFIaqQhl4Y0Usst2rUpbRQa.xlsx,ok,артикул | наименование | цена | заказ | сумма,
2024-07-17_09-08-36__p4nVFYIvyO5jcx5FglrDDIDycsvXT8xtrbEFdlSB.xlsx,ok,артикул | наименование | цена | заказ | сумма,
2024-07-18_09-47-37__NSZtnNIHSglzWWHdSDuRihKwk5ZvPA20dIOPvq6y.xlsx,ok,артикул | наименование | цена | заказ | сумма,
2024-07-19_10-04-37__Zpr7PQqzMuOUv69qRM8eW7DM4Ijr6oWHG9P5WWRm.xlsx,ok,артикул | наименование | цена | заказ | сумма,
2024-07-22_09-06-54__bM8LSGGt0f9G2vvUyjA17Pzud1dgAUn2fHnjF350.xlsx,ok,артикул | наименование | цена | заказ | сумма,
2024-07-23_09-39-32__RJHjtUtrDgBqeVuvGnXff0IkjSICt2XndddJq6xR.xlsx,ok,артикул | наименование | цена | заказ | сумма,
2024-07-24_09-55-54__OLMEDNfOcAXJzeGB9shqXl2fhKiexCOetXKtQDY5.xlsx,ok,артикул | наименование | цена | заказ | сумма,
2024-07-25_09-29-06__7tVYnDQlL8lShURJVxJ0LKfSuwF0E2BLbUUz0mmo.xlsx,ok,артикул | наименование | цена | заказ | сумма,
2024-07-26_09-07-42__120f239vIYYG6GkN962bDGLO4zaiOEDB0AkebJCu.xlsx,ok,артикул | наименование | цена | заказ | сумма,
2024-07-29_07-41-34__Fgd9QfUqX2HhpXemuGRBvASRNfpx9hcSUz3VqFpm.xlsx,ok,артикул | наименование | цена | заказ | сумма,
2024-07-30_10-24-51__RUPstGocuspHvScTp3KM4kpNrES7iV1rEeMdevpM.xlsx,ok,артикул | наименование | цена | заказ | сумма,
2024-07-31_10-14-28__CiimkcQy7VJeIPWf8f05uKqx9ReNnGStIol5dbdw.xlsx,ok,артикул | наименование | цена | заказ | сумма,
2024-08-01_10-25-27__j8SRAcOXI24AyGLcGfV4aFGTdK7bpv5LPAkNzxuN.xlsx,ok,артикул | наименование | цена | заказ | сумма,
2024-08-02_10-35-27__audAM15auVSsmMQqlsFM2EJVXhSJ1ubF7BWFDwl7.xlsx,ok,артикул | наименование | цена | заказ | сумма,
2024-08-05_08-19-58__oECdhN5E4myHHxBgxYw3EFUJR9nAsQ11b4Rx98gf.xlsx,ok,артикул | наименование | цена | заказ | сумма,
2024-08-06_08-13-35__cK49g4b2fc2iNqZUq9lrvTe9GGwl8QqF1kcobsxZ.xlsx,ok,артикул | наименование | цена | заказ | сумма,
2024-08-07_08-15-02__giOS8OffFBZzj5S52MS4JtHr0owi0EA7S1xw4Yaw.xlsx,ok,артикул | наименование | цена | заказ | сумма,
2024-08-08_08-17-36__wavMz8FlpLlwc1HXGEKi1691TYXz0hvSLSQbxuqx.xlsx,ok,артикул | наименование | цена | заказ | сумма,
2024-08-09_08-19-42__OVAQhZUoD2eHJ7CUFom8Sks72yL5pv6sn6yNkbjz.xlsx,ok,артикул | наименование | цена | заказ | сумма,
2024-11-14_15-54-53__ixCBAHKbKmPuPDgpVo0eeEeMcHjw3aKTjJqyJk5f.xlsx,ok,артикул | наименование | цена | заказ | сумма,
2024-11-25_22-12-57__KQQNVjJwmmaGXHtOCcf38vlBbVK7KfgGr4gvBDQ0.xlsx,ok,артикул | наименование | цена | заказ | сумма,
2024-11-28_21-34-49__qRQ9RBD6NVbWGEEx5waEtSC601YNN0wSKnI3r8Mw.xlsx,ok,артикул | наименование | цена | заказ | сумма,
2024-12-02_23-45-47__6wfKSNzTdpl1R854zTZ9kmgnYGSJqzfHW2gK92PF.xlsx,ok,артикул | наименование | цена | заказ | сумма,
2024-12-04_13-45-43__jDeRjsKhBhPxWDoB4b7xjMvmnoqTYvSJugNHCulo.xlsx,ok,артикул | наименование | цена | заказ | сумма,
2024-12-05_16-35-07__DKCpeZqKtFwFkmB5ERY7tzqOpBqN8nFlP0n3J9lY.xlsx,ok,артикул | наименование | цена | заказ | сумма,
2024-12-10_23-12-43__xzGNbyrXnXf6t62s4SrltfPHQ0p2ugWjgBYMpcYe.xlsx,ok,артикул | наименование | цена | заказ | сумма,
2024-12-12_12-34-53__DedIshJPI8TSriCeSu01SmQZjZO1OE4KyyyJyFqw.xlsx,ok,артикул | наименование | цена | заказ | сумма,
2024-12-16_14-19-09__keq3UhAalQ6LLyeXFqcn4tvVXjiqH5gtWJwlUsQq.xlsx,ok,артикул | наименование | цена | заказ | сумма,
2024-12-18_09-01-04__eJWjLk6UaJHK2lyXU264ZskxHHfumBkVdc2u9bSA.xlsx,ok,артикул | наименование | цена | заказ | сумма,
2024-12-18_23-26-51__4edPwYPkDtVEJLzI95J6ZtrMDR8l5ZMaXwE8pOYO.xlsx,ok,артикул | наименование | цена | заказ | сумма,
2024-12-19_23-03-06__erjTIrmupkhziBaQEUaFWfioYlgRtrWcpYrPpDLI.xlsx,ok,артикул | наименование | цена | заказ | сумма,
2024-12-23_23-05-47__tMbymUwv6DuWlF81QH9bQETPM65vmpKlumXm9BvZ.xlsx,ok,артикул | наименование | цена | заказ | сумма,
2024-12-25_23-19-09__mOaNzP2YNAVOJwsaxHQJ2jtwCGAmtKzSbOg3MOo5.xlsx,ok,артикул | наименование | цена | заказ | сумма,
2024-12-28_01-26-49__HwDIVMYLGa2tQah241cfuJ2GQf8PzT9zeO5o3AZM.xlsx,ok,артикул | наименование | цена | заказ | сумма,
2025-01-12_16-09-16__zz9geqkiUJ8SGjxBgftsxoW96RbPmydkUHDlHdAd.xlsx,ok,артикул | наименование | цена | заказ | сумма,
2025-01-16_14-14-50__lruYgwJYHSNFGgJUiyVXrw31LKivRDAOPNfkxecy.xlsx,ok,артикул | наименование | цена | заказ | сумма,
2025-01-22_12-36-46__aqBTImHONjfj5O1Ovo5g53jlMdVWBtAjjxJAdazF.xlsx,ok,артикул | наименование | цена | заказ | сумма,
2025-01-24_12-39-18__Sfuf0cz9aUpABppvb8Kh9VjEDdbsmhXjYGdejBpl.xlsx,ok,артикул | наименование | цена | заказ | сумма,
2025-01-28_11-50-23__dlvDh54ulVRQbQ7gj9yvQ2pz7zjLNlV161Nb7FLB.xlsx,ok,артикул | наименование | цена | заказ | сумма,
2025-01-30_15-54-17__fStRuPFKZKbJRfB3gmHm8SWSt1Pr8qCF80q92ujO.xlsx,ok,артикул | наименование | цена | заказ | сумма,
2025-01-30_19-47-26__yv9GENFiH75ggzGE7FndLSuxrqSugyBUWln1kK4t.xlsx,ok,артикул | наименование | цена | заказ | сумма,
2025-02-03_16-16-13__eibX9u3YvOJhpPKnNmbFvJbD9vNvkYtVM8TkklWV.xlsx,ok,артикул | наименование | цена | заказ | сумма,
2025-02-05_22-30-50__Oea2GQ22S9E7Rr4vCDFeJ62xUxb3EFg2n9NdRxsv.xlsx,ok,артикул | наименование | цена | заказ | сумма,
2025-02-10_18-43-43__fB7VC375BH4mKxQpK3stOcKxUU3vNZBJ4I0tvI5W.xlsx,ok,артикул | наименование | цена | заказ | сумма,
2025-02-13_15-33-12__bD4idWNFMU60WSeeIYyIHYgzqEqEMM4KNdPe4PR3.xlsx,ok,артикул | наименование | цена | заказ | сумма,
2025-02-19_07-49-03__M1GDBNmdS7ap1pJqZQrFQewh5dOgSKQJ7z7hJEB5.xlsx,ok,артикул | наименование | цена | заказ | сумма,
2025-02-20_08-57-12__XKELg0E1kyqn4wAqN2PNgq3gFzFCBR7MGbuWTaEG.xlsx,ok,артикул | наименование | цена | заказ | сумма,
2025-02-21_09-11-01__J0xEdefIRsfnp9xdWIuQDlWVmfrsLQE2t5xHvm1c.xlsx,ok,артикул | наименование | цена | заказ | сумма,
2025-02-24_06-53-56__TzL83BWZ6dOmsZ98KjZH3Nz5pi3MIEhBV4KgwBNT.xlsx,ok,артикул | наименование | цена | заказ | сумма,
2025-02-25_06-54-37__WN52DSLOzXTEjRa38LXM6bFNnNDDhcu2o1W0QeIV.xlsx,ok,артикул | наименование | цена | заказ | сумма,
2025-02-26_07-18-04__uVpUyKiCM0x3o3CEpAgoqydQcp3fpPIPBSuCp2nt.xlsx,ok,артикул | наименование | цена | заказ | сумма,
2025-02-27_07-38-03__RWd3FgcJQjcDkfKxa2cGOGcUCHZTjxie9276TMkD.xlsx,ok,артикул | наименование | цена | заказ | сумма,
2025-02-28_07-39-58__28HHpO6CZdkFh5q7muIJXdEkutsyp5kzxtwZJabJ.xlsx,ok,артикул | наименование | цена | заказ | сумма,
2025-03-03_09-01-21__GJACVlCs5r1xOELLzVAWiE8dZAqHXxRx07oKUg8b.xlsx,ok,артикул | наименование | цена | заказ | сумма,
2025-03-04_05-44-12__mCCH0XNLv9cZwZk1JbfRkCk58T9yK1WZUtyzvHez.xlsx,ok,артикул | наименование | цена | заказ | сумма,
2025-03-05_07-06-18__AEuNIA1gt5vyiT5p3WFLuUtw6Iao8reTFjsuVIS8.xlsx,ok,артикул | наименование | цена | заказ | сумма,
2025-03-06_08-48-21__mzjZwt4ZBqiCd4Uw4s2a3dOYpUef5w6nSpUli4et.xlsx,ok,артикул | наименование | цена | заказ | сумма,
2025-03-09_23-55-22__rBjrPJT0oS6eKNCyJG3Bkep8RoUfQRGDIFMElJ3U.xlsx,ok,артикул | наименование | цена | заказ | сумма,
2025-03-10_08-57-45__q9eyNpTWc4hECxGfrARKxFilERVPOv1lND0DWXgP.xlsx,ok,артикул | наименование | цена | заказ | сумма,
2025-03-11_08-43-17__UukwCc9DMkmDidNwd2lLrfokMoFBvWANayOOH6GN.xlsx,ok,артикул | наименование | цена | заказ | сумма,
2025-03-12_09-11-33__ZNgEewVEEpiFwbg3FQmO0hxSmVQ0Stedv1XWPkZ7.xlsx,ok,артикул | наименование | цена | заказ | сумма,
2025-03-13_08-33-06__GvrUTOV0tg8EQEdtNLq2JGkYsv3xiRzxPK9oDrQw.xlsx,ok,артикул | наименование | цена | заказ | сумма,
2025-03-14_08-47-38__1Fd5KQj0RYvbei5ILI3zCYNMoaMRFyh2RYA4Ftln.xlsx,ok,артикул | наименование | цена | заказ | сумма,
2025-03-17_08-50-59__anFVfwHLlt4SRfzAcQAhldRhqozoW6qlkY1XfXdr.xlsx,ok,артикул | наименование | цена | заказ | сумма,
2025-03-18_06-25-42__PNMLrNa2oNcj1k07OGQZoXFflSfzXNrprSTWQR6k.xlsx,ok,артикул | наименование | цена | заказ | сумма,
2025-03-19_08-54-55__s7WwdRCtKSgxEDL8FQVDsEZRaKhI1U7scG2kHVuV.xlsx,ok,артикул | наименование | цена | заказ | сумма,
2025-03-20_08-42-10__48iRtv3cyauxEu2MiEMOUO6rAWBm38WT7b9S6W85.xlsx,ok,артикул | наименование | цена | заказ | сумма,
2025-03-21_08-32-48__4yq2WYft4dpzLMo2RyZQeG2yPE5eVzr0SmCgeNXy.xlsx,ok,артикул | наименование | цена | заказ | сумма,
2025-03-24_08-21-09__UqK4yooFgCmsnNSun17NI8cRF4dAzJMfG8b4jVFn.xlsx,ok,артикул | наименование | цена | заказ | сумма,
2025-03-26_08-22-09__R0Zd2lT80K00EtrfNRr6si90dJ6Op6DAmmLo3QOI.xlsx,ok,артикул | наименование | цена | заказ | сумма,
2025-03-31_09-36-18__5cQosC2ysRBxCjR0ETp02gvIlOmRlHCPlV7cqzm2.xlsx,ok,артикул | наименование | цена | заказ | сумма,
2025-04-01_09-39-58__2UW3ntCizFbaG1181WWewWr2CKlVdQp4eipCO9AU.xlsx,ok,артикул | наименование | цена | заказ | сумма,
2025-04-02_00-16-43__sWD3nnpM8eu2wMWZGkOUforEZ1lQXccaWUdZpVTO.xlsx,ok,артикул | наименование | цена | заказ | сумма,
2025-04-03_15-05-44__tyCK9jyqcO9Es1qOoYX6wBpCbZfDWBEYaLAUz4E2.xlsx,ok,артикул | наименование | цена | заказ | сумма,
2025-04-04_00-46-38__iYn80g3eh4oZZketeE1en3jXTPQ8JYZtyjBIRtR9.xlsx,ok,артикул | наименование | цена | заказ | сумма,
2025-04-07_09-29-49__DyxVLBV0K6fWzeMnThuXwEa6DC3JwyU6XNN8CVEF.xlsx,ok,артикул | наименование | цена | заказ | сумма,
2025-04-08_08-44-27__i3X8IjKFH4c5R5l2oZ7WE9LPfqBdZrTlQGwcVhfB.xlsx,ok,артикул | наименование | цена | заказ | сумма,
2025-04-09_10-20-27__EGMMuB5jWRFWvmcy12BIpRGDFtwmQZA2tCu4V9cx.xlsx,ok,артикул | наименование | цена | заказ | сумма,
2025-04-10_09-49-22__GMX8ZwuHEvVsgWGbk4a0nOZwrKnJdhBBYRmNg7i6.xlsx,ok,артикул | наименование | цена | заказ | сумма,
2025-04-11_10-18-26__8wWiIN69iE1xAaoolZ7pNB2Jpid5wXSIc9Y0mqPf.xlsx,ok,артикул | наименование | цена | заказ | сумма,
2025-04-13_17-08-58__djwCIIGzI3Mn2nk4UIt0m4gOyooWArk5bAHNehGL.xlsx,ok,артикул | наименование | цена | заказ | сумма,
2025-04-14_10-41-28__addlNOLCbpIJBRFdTb292bRkOxNydHFCnMCBzxqo.xlsx,ok,артикул | наименование | цена | заказ | сумма,
2025-04-15_09-48-05__c5EiJ10aui2u5RUIeUbYI0uZVGWKgV7ZfGt3uCeF.xlsx,ok,артикул | наименование | цена | заказ | сумма,
2025-04-16_08-46-04__0aZH5REu4GtfcrXY0StBOYG7JewwC3geoBPGbymA.xlsx,ok,артикул | наименование | цена | заказ | сумма,
2025-04-17_10-11-06__cPusqsIv9WVD9ZjqdglmCPKIJlmsMNOnMX69441f.xlsx,ok,артикул | наименование | цена | заказ | сумма,
2025-04-20_19-10-15__DmtQgMAhTLCD2fEqxVTh9YM4A58ZfZiYuVlzhip1.xlsx,ok,артикул | наименование | цена | заказ | сумма,
2025-04-21_09-36-45__nMGSbSF7L4geSSMkRwD6yvH2kEKOr3Z1WDsPrUfa.xlsx,ok,артикул | наименование | цена | заказ | сумма,
2025-04-22_22-21-14__wRiCfORSgJj10Hx1Iso0INN5OXcPcI3UQj1a3z74.xlsx,ok,артикул | наименование | цена | заказ | сумма,
2025-04-23_09-27-53__niMGrv52Rwt7Wjtj5f4JFgGFzYy1nJQ9C4qAMkMf.xlsx,ok,артикул | наименование | цена | заказ | сумма,
2025-04-24_08-34-11__1QSMokFkaYuPuwlY7tMF70c88s5svNjK3rssPjhA.xlsx,ok,артикул | наименование | цена | заказ | сумма,
2025-04-25_09-24-48__chSWFRjbfr9BOusPxUZvsZjwB06BqJDuqfp52Jtl.xlsx,ok,артикул | наименование | цена | заказ | сумма,
2025-04-27_11-38-34__iDxahZUMngpsYctTH1s0UhBCWMYf2PZKkrfZkvv7.xlsx,ok,артикул | наименование | цена | заказ | сумма,
2025-04-28_09-22-37__XQXw1mqXISNcvxRTzgladb1emvelQp5a5XpdvjgI.xlsx,ok,артикул | наименование | цена | заказ | сумма,
2025-05-12_10-16-35__BcPiOgQADNh3EBP7GY7ih3Z0TxOjiHBwN2q0RYPW.xlsx,ok,артикул | наименование | цена | заказ | сумма,
2025-05-13_10-35-17__29m80dnLR60WMTB4444qgqPBX22bG5nxxzwWvw4E.xlsx,ok,артикул | наименование | цена | заказ | сумма,
2025-05-14_10-34-42__SQ6gCPMUGCInf2edXUoqK0PzxSl4BwLpUzsfXGQ4.xlsx,ok,артикул | наименование | цена | заказ | сумма,
2025-05-15_09-57-47__bsn1MkZf68ZMsxo1uVCwT43XL8raLfB6DCTcoIZu.xlsx,ok,артикул | наименование | цена | заказ | сумма,
2025-05-15_11-51-26__8qy87gi32MB6lLukUKyIEYYrm1x3RnmTCabwIqWW.xlsx,ok,артикул | наименование | цена | заказ | сумма,
2025-05-19_09-07-02__HZjsGPQRn7hdiOPS90TLed2XSWiFYvYoteFpu8PE.xlsx,ok,артикул | наименование | цена | заказ | сумма,
2025-05-21_11-25-46__gDmwgZpbSbJvBBsdtR0ulFNyMan98ApDEMlwgoAa.xlsx,ok,артикул | наименование | цена | заказ | сумма,
2025-05-22_09-23-32__EHPazUZxqRrv3JL3blArTMcPYz1NPk1PLvBUTGqK.xlsx,ok,артикул | наименование | цена | заказ | сумма,
2025-05-23_08-58-01__5AMDgZv0qT674tW1xrMyspeaS7c1DHammRASUPjS.xlsx,ok,артикул | наименование | цена | заказ | сумма,
2025-05-26_10-30-23__BJOYfvsjILmIZ8e1E2LlNQrqO0IEcjdqKbrUwVpg.xlsx,ok,артикул | наименование | цена | заказ | сумма,
2025-05-27_09-39-36__7UBQxuwIRQ4SciJFUOvBCT9OyO2IU2KwYDY07mdn.xlsx,ok,артикул | наименование | цена | заказ | сумма,
2025-05-28_09-15-12__vBn0FmtI1c49OI7ZwHa0Qatco4Cdcv2PVurIsDA3.xlsx,ok,артикул | наименование | цена | заказ | сумма,
2025-05-29_09-51-08__PInQhkHJ6QjT7n7USiIOkldFPXpMVO9jGPZG0xDD.xlsx,ok,артикул | наименование | цена | заказ | сумма,
2025-05-30_08-22-21__a3jYxf44w4e0yvy7hPq6MDZfE5uVFMb4dX6eGkqq.xlsx,ok,артикул | наименование | цена | заказ | сумма,
2025-06-02_08-24-47__ouwR9tizYcjRqCTlMuzwVfs0UaHZY6Ca3dgI7JTk.xlsx,ok,артикул | наименование | цена | заказ | сумма,
2025-06-03_09-24-39__d9ohC4yG3BsSoFFJxUN8BhnFUESUcr8DZStRrmtt.xlsx,ok,артикул | наименование | цена | заказ | сумма,
2025-06-04_09-17-50__VyilFWcf2UUmr4rFHRDYeo2p12Yhb37ZscJHZbWI.xlsx,ok,артикул | наименование | цена | заказ | сумма,
2025-06-05_08-27-23__qg43afESWpl4PQZ8Yey2GlaeVNginpHQggXOQ3KR.xlsx,ok,артикул | наименование | цена | заказ | сумма,
2025-06-06_09-15-37__J67tGVILH3xRzzL6n30j4kpESknLu8j2brUj27dR.xlsx,ok,артикул | наименование | цена | заказ | сумма,
2025-06-09_08-33-22__AtA3maE0noxnZINV3UDOkmQ13FPDWtT8aCAAfSOp.xlsx,ok,артикул | наименование | цена | заказ | сумма,
2025-06-10_09-18-00__SqRfvMDpjQ5G3XZtrme4Kucuko2K8zg9vlWiCU9M.xlsx,ok,артикул | наименование | цена | заказ | сумма,
2025-06-16_08-37-44__5HEIwNFO0bOzuvFPeZdSgzAa3ewvUyBSNH4QdzI3.xlsx,ok,артикул | наименование | цена | заказ | сумма,
2025-06-16_11-24-37__4xgxnsUfjiYqLtiyA8kEXSzwi5rjaqruPvHaEamI.xlsx,ok,артикул | наименование | цена | заказ | сумма,
2025-06-17_09-11-59__nwKOWVerH1a4caQdpBFGFSqXrZucorXkmGdkEEJS.xlsx,ok,артикул | наименование | цена | заказ | сумма,
2025-06-18_08-51-47__rhBwPvRxan9h9bCKwvhZ9cJxhKqYPNVgwNtNYTah.xlsx,ok,артикул | наименование | цена | заказ | сумма,
2025-06-19_09-27-11__ZYQTwPLTYls5vQu3zOfWS7igpwi3ZYhmJvPeHouT.xlsx,ok,артикул | наименование | цена | заказ | сумма,
2025-06-20_08-30-01__sebPjlRgFUBNePMf1izurTiKoYeorONJKEZMLEWG.xlsx,ok,артикул | наименование | цена | заказ | сумма,
2025-06-23_08-15-51__xWuZXmCmkXoqEqdmK1vGy9Rhdwyxgdn6NdCs3hBt.xlsx,ok,артикул | наименование | цена | заказ | сумма,
2025-06-23_08-16-04__xSecdXSUpXmdDjv1DmtXo0kO7CAwKc6RzrR6JEbU.xlsx,ok,артикул | наименование | цена | заказ | сумма,
2025-06-24_08-26-22__9mVGmzL0dhQUpGVurVPj5wLHHovCE7accuziQDBh.xlsx,ok,артикул | наименование | цена | заказ | сумма,
2025-06-25_09-11-39__pAKQ8hcULRhAMm7ofMuNwQZtkCfOLoFZvfS4npFV.xlsx,ok,артикул | наименование | цена | заказ | сумма,
2025-06-26_09-15-36__njd2uVZ0MPBOKedmGbbzlBSVQi16d2quhhQQFOY5.xlsx,ok,артикул | наименование | цена | заказ | сумма,
2025-06-27_09-05-01__F1QRKIjVL0YK4s45YjhQlgZ2GjuxTZEr7RCW73Nl.xlsx,ok,артикул | наименование | цена | заказ | сумма,
2025-06-30_09-24-18__idlN861AgdKjNyt719w0Sjd9YwAfHAhXyoWj2Agl.xlsx,ok,артикул | наименование | цена | заказ | сумма,
2025-07-01_08-43-34__8r4To45yzDb1TE6pOBrU7KU2RY9iodUMbk3ElsjW.xlsx,ok,артикул | наименование | цена | заказ | сумма,
2025-07-02_08-40-17__O6uQHiPtZot4NSjOm4fdozNP2rIkSuA7jUCB8Tnd.xlsx,ok,артикул | наименование | цена | заказ | сумма,
2025-07-03_09-25-14__u4yRXzbjBo16olmFuL2gldNt3fJu4JbZDsyBp7oI.xlsx,ok,артикул | наименование | цена | заказ | сумма,
2025-07-04_09-31-57__PYtuFALxLadzIcFBF8Vu7SkCEmvVjAmfjLHW5peL.xlsx,ok,артикул | наименование | цена | заказ | сумма,
2025-07-07_09-09-14__hrdKag2opKwnFZYNozNvYGUMhYxasewXo2hevkWT.xlsx,ok,артикул | наименование | цена | заказ | сумма,
2025-07-08_10-11-14__6r4XC9NM2R4qIaREdGmRLjiM5hgONMGsorza93Ru.xlsx,ok,артикул | наименование | цена | заказ | сумма,
2025-07-09_09-27-28__sdn6IyG54pxBA23477lV7YUSFU9dcoYKaP0hqah6.xlsx,ok,артикул | наименование | цена | заказ | сумма,
2025-07-10_08-40-21__VSJQ3Zoy10PDSLPXKt4XRLRvv9wZdPMORefLMhB3.xlsx,ok,артикул | наименование | цена | заказ | сумма,
2025-07-11_08-32-49__qdbEJoSA4MvK8feuwBP1Wu6iHSTxCat5t8iWUv3f.xlsx,ok,артикул | наименование | цена | заказ | сумма,
2025-07-14_08-19-56__vWrz9os4qTVkKoKuDcWJJ035jt7HB10STYbLEIpv.xlsx,ok,артикул | наименование | цена | заказ | сумма,
2025-07-15_09-16-31__musyILFE0VduQYyP1grtIpTULcQFLQDrNj0Sw8nW.xlsx,ok,артикул | наименование | цена | заказ | сумма,
2025-07-16_08-28-34__LazAZFqWdDPP04lpZdNf9WlDTaJHDScOVAQmFDLI.xlsx,ok,артикул | наименование | цена | заказ | сумма,
2025-07-16_23-41-05__RXAc9usF1mKahoofNwDogg39JRusqTpKIGTRbbD3.xlsx,ok,артикул | наименование | цена | заказ | сумма,
2025-07-18_08-44-02__MjCzSd7wSBWYEPxCTExp7aXTlKOHT28msY8sn2Y8.xlsx,ok,артикул | наименование | цена | заказ | сумма,
2025-07-21_09-21-23__dQIqBvzVm80P29RIVhup3d5vRdgweOz1VerYRp2w.xlsx,ok,артикул | наименование | цена | заказ | сумма,
2025-07-22_08-58-20__zq4flAJm4ei0Es83gXMsIFqB5eIs96QxBrap4GaL.xlsx,ok,артикул | наименование | цена | заказ | сумма,
2025-07-23_08-43-10__RuUbgSF16yRFuyAHykA65KCUJut1VdojQzIrCrXF.xlsx,ok,артикул | наименование | цена | заказ | сумма,
2025-07-24_08-31-50__7Mg5R1R3IRKqltQzxICyMgkFlIxLeYst731Pq27C.xlsx,ok,артикул | наименование | цена | заказ | сумма,
2025-07-25_09-17-00__mngGFUFuTwIrgu5XpDLMdrrCksblnAnzh1HQsgFH.xlsx,ok,артикул | наименование | цена | заказ | сумма,
2025-07-28_08-34-10__rSUGpll4R82fIaHtjcaVIv0Emr3i2O1rYjYRM1yi.xlsx,ok,артикул | наименование | цена | заказ | сумма,
2025-07-29_09-23-28__AvIgTv3DkzfqNPD41fy5xMeRCk7xoM4wjZmBI87a.xlsx,ok,артикул | наименование | цена | заказ | сумма,
2025-07-30_09-06-55__Y3m3qSCmI9YPDv5PznNfdVn7R9EvPeBHpNqz1WhO.xlsx,ok,артикул | наименование | цена | заказ | сумма,
2025-07-31_08-40-12__6xw4FHr0If5XT68B4MFey7voGakxT6NmRszvENs0.xlsx,ok,артикул | наименование | цена | заказ | сумма,
2025-08-01_08-28-58__TTKnOGTO2KCxoTHuy0tKzs5GNGI6yRWS5WReIvWD.xlsx,ok,артикул | наименование | цена | заказ | сумма,
2025-08-04_09-25-23__q03vf3xOcUhlv68vHXHJGIsfH62YDdDgqWIDmXto.xlsx,ok,артикул | наименование | цена | заказ | сумма,
2025-08-05_08-22-22__nlQZUaQUJDVyH8iOPJpQL7LfP50a9m8Xbxfzhq96.xlsx,ok,артикул | наименование | цена | заказ | сумма,
2025-08-06_11-19-21__kYZcSeJJ8Blk5HzEr1KdWWNHOXcroIfpTqdRbSGy.xlsx,ok,артикул | наименование | цена | заказ | сумма,
2025-08-07_09-01-27__qpsb878JlUGEaDLpIMvtB6bS5WhxlP9mnJe7ntk9.xlsx,ok,артикул | наименование | цена | заказ | сумма,
2025-08-08_10-16-52__32KTca54XPzfoPmh0kgbYgaINHFZ3aqN8nexaSNB.xlsx,ok,артикул | наименование | цена | заказ | сумма,
2025-08-11_09-17-03__mvRzTjNgy0RhpzGZoLPRdUpsYnoV4GDNc9wKvJgC.xlsx,ok,артикул | наименование | цена | заказ | сумма,
2025-08-12_08-24-45__QQGVfHnr9FEAocG58cV3QyXnSnPrlVydaHg897b2.xlsx,ok,артикул | наименование | цена | заказ | сумма,
2025-08-13_09-21-45__hZX4Ist89Lj7UEYF0TF14nvZYAY2IEOKM4bUOCoA.xlsx,ok,артикул | наименование | цена | заказ | сумма,
2025-08-14_09-13-07__hstlxWXSD1XWwIlvZBquLXqmMB0MghR11kjzk32F.xlsx,ok,артикул | наименование | цена | заказ | сумма,
2025-08-18_10-06-17__wlUs3gpVJSYYAKUBRnl3Lg1mm1YyP3ygg9qWp587.xlsx,ok,артикул | наименование | цена | заказ | сумма,
2025-08-19_08-37-45__QrFpmOdmzRWAS1p2h96Ho45Hw8eCbhgPWZ3f4VCf.xlsx,ok,артикул | наименование | цена | заказ | сумма,
2025-08-20_09-25-53__nISdhpbOdaDzzAChXNl2nJadNFsQumfq6chWbnvC.xlsx,ok,артикул | наименование | цена | заказ | сумма,
2025-08-21_09-10-07__XnugOqJINIgI6CmCKC0FC4JrxKUZB9UfALstVaiK.xlsx,ok,артикул | наименование | цена | заказ | сумма,
2025-08-22_08-28-58__WWKwdxH6nTgTcZEn8Ah7SGBrAn4yhSELIgwi2Ltd.xlsx,ok,артикул | наименование | цена | заказ | сумма,
2025-08-25_09-31-50__Qqr0mlsnnhWWSFrMwbs2qFsMQqWQSESrCUEsuN7X.xlsx,ok,артикул | наименование | цена | заказ | сумма,
2025-08-26_09-27-50__4Fvc6PHjAf03O57t5wvsEtTpFv0kHfEcvqxPcoCk.xlsx,ok,артикул | наименование | цена | заказ | сумма,
2025-08-27_09-09-35__rYt97gy76LVrM90TmamuCzGQQtRp0SQXPi23hdRe.xlsx,ok,артикул | наименование | цена | заказ | сумма,
2025-08-28_08-57-15__3d95yR9LqHtct0I1hDic0nDjKPXA9wNKcKOAaHxF.xlsx,ok,артикул | наименование | цена | заказ | сумма,
2025-08-29_09-15-42__r8XbNed5yg4JOPaJsYK0yDl84b1nStCL7AuY9tgZ.xlsx,ok,артикул | наименование | цена | заказ | сумма,
2025-09-01_09-55-06__wY8v7dbIinjqT6rKLCZiK8302x2wedZ5zTwoe3op.xlsx,ok,артикул | наименование | цена | заказ | сумма,
2025-09-02_09-10-30__2iLnMkgGBY23G4lyWjCOtRRmjxoa9ZS53ouVg8zf.xlsx,ok,артикул | наименование | цена | заказ | сумма,
2025-09-03_09-13-36__ycP2BSy9A8JPpHChVTrhlS9KtZvbQHwkzElMtVLl.xlsx,ok,артикул | наименование | цена | заказ | сумма,
2025-09-04_08-29-03__IOdHF6J7sI6rcnP1uf1bWFo8sRsdVFvLpYOu3nYG.xlsx,ok,артикул | наименование | цена | заказ | сумма,
2025-09-04_10-14-05__WPNMKe0j3GL0QkU5AKPYpJfc8ekgVLK1H41vCGrS.xlsx,ok,артикул | наименование | цена | заказ | сумма,
2025-09-05_09-49-31__68beidpza4oJTkOa085iyArcTlXQ04sOgXhqaxyt.xlsx,ok,артикул | наименование | цена | заказ | сумма,
2025-09-08_09-34-02__ADQ8ArSenyIZ1Hj9liJdS7dq7BpE8WAm7fk8Zgax.xlsx,ok,артикул | наименование | цена | заказ | сумма,
2025-09-09_09-52-25__FPoXCHsV9m3pW1BKDWLHe6bXdDvx3MWhzyD1sHxQ.xlsx,ok,артикул | наименование | цена | заказ | сумма,
2025-09-11_09-29-13__M3BZHAacGTj3aLnZMkFfGQJF2HvxkHLKnnVNYmSB.xlsx,ok,артикул | наименование | цена | заказ | сумма,
2025-09-12_09-20-59__wcLViYkWAONyw6SB7Ag6pYJPYchzyHo0W5aIJ8GN.xlsx,ok,артикул | наименование | цена | заказ | сумма,
2025-09-15_13-28-34__vvdvMKtFJQtEppcMMkeFPzVt7RrvXK6jMuPVH3Qv.xlsx,ok,артикул | наименование | цена | заказ | сумма,
2025-09-16_10-31-37__HCCiAYMPmjf2SngLBTqaIdienatLTtAbWpoTHH8C.xlsx,ok,артикул | наименование | цена | заказ | сумма,
2025-09-17_08-47-34__xCPvLJyn5bHGHjSqh9k5I8kCc6JWxanVwiVfAHOQ.xlsx,ok,артикул | наименование | цена | заказ | сумма,
2025-09-17_23-11-59__Ws0v4Wfd8l2a33dvlvr34mTJZiDSDHOOchBf4xHQ.xlsx,ok,артикул | наименование | цена | заказ | сумма,
2025-09-18_08-55-53__Aj9EeI4sk13Trk9F4T67QEIV955IoojPtl4vVUR3.xlsx,ok,артикул | наименование | цена | заказ | сумма,
2025-09-19_08-55-58__4sFM6W2roeUS6VVkSJp1w8996RJP8jyxfbgTvnHI.xlsx,ok,артикул | наименование | цена | заказ | сумма,
2025-09-22_09-02-36__bNhgWeoJbRKqOLKmfZoXpjyMlUKSv0PgmEqTvuM5.xlsx,ok,артикул | наименование | цена | заказ | сумма,
2025-09-22_09-04-03__lEjnyf4JLwQQD95X5Or8P74mjZ9aLw5bei0YzfmP.xlsx,ok,артикул | наименование | цена | заказ | сумма,
2025-09-23_08-32-57__CTys1laDyc3tp2SKt0a8FJ8VdV9R0uYrlUCX9rN7.xlsx,ok,артикул | наименование | цена | заказ | сумма,
2025-09-24_09-00-30__LHh1RiIozGYNmbvfHrvMqVhyeCH9HBQNzjrLmw9W.xlsx,ok,артикул | наименование | цена | заказ | сумма,
2025-09-25_10-13-51__eP71sxMN4OjsKnqlRqsPF7NActZ8HLTmxd2etvKN.xlsx,ok,артикул | наименование | цена | заказ | сумма,
2025-09-26_08-25-03__oaoWvdvQu9PJ1uYltL6CVIqO8WD9BDIifYgsOrVP.xlsx,ok,артикул | наименование | цена | заказ | сумма,
2025-09-29_08-51-46__ucXSwjD66E6BiIMdiU0fbaxw1ssByD22BIvzxBbO.xlsx,ok,артикул | наименование | цена | заказ | сумма,
2025-09-30_08-40-30__QxiVpHTsOI0IGboTyVzUpmL2OWLfShGNFHHCVOlB.xlsx,ok,артикул | наименование | цена | заказ | сумма,
2025-10-01_08-41-57__L6feeL4OsBihfj4e4DyNOIP9wkREtjpe9aIkdsvG.xlsx,ok,артикул | наименование | цена | заказ | сумма,
2025-10-02_08-46-02__gBXCQZfphrebtHRTzIZcgID8fWCEtWC0pTdZhCu1.xlsx,ok,артикул | наименование | цена | заказ | сумма,
2025-10-03_08-31-57__JyOFsd59apVzMX43OwTlmF2Rgdp6w0eaV7aK6Cd9.xlsx,ok,артикул | наименование | цена | заказ | сумма,
2025-10-06_08-44-01__4s7LCvmNHFgpMRl067HYkRmIfm4g5QjGt69gmhlm.xlsx,ok,артикул | наименование | цена | заказ | сумма,
2025-10-07_08-48-36__VVwrzovfsCgRn3iUIAQ0ZMSkpKGOZ2L54JsGu0fF.xlsx,ok,артикул | наименование | цена | заказ | сумма,
2025-10-08_08-44-19__fHIzWEpVoB6RKapJc2ctldrU1UMxG7yqSJXwPFKp.xlsx,ok,артикул | наименование | цена | заказ | сумма,
2025-10-09_08-24-51__ypdK8609ubGi31MYDtllPb2kJpFqfD4U9k4Y4cfu.xlsx,ok,артикул | наименование | цена | заказ | сумма,
2025-10-10_08-33-35__Up3w9laWSMmFHZiYDNFfkz4cmZUE8ajqHNUTPP5y.xlsx,ok,артикул | наименование | цена | заказ | сумма,
2025-10-13_08-52-52__BKzHo46E8igCFopgpAy1Dkr0ABbDJnWgDZOMCUfC.xlsx,ok,артикул | наименование | цена | заказ | сумма,
2025-10-14_08-58-04__jlkZG88eHlufFs2yLxM4lya3PfJasXsjDdWcKLaK.xlsx,ok,артикул | наименование | цена | заказ | сумма,
2025-10-15_08-38-04__QySgoGPio6x6Vt7NNEInKAbcrYKSyyCADrk5xunw.xlsx,ok,артикул | наименование | цена | заказ | сумма,
2025-10-16_09-00-35__UnmoMPYAnLzJdLl0hwZB6Eohbg4CLrfWsXSRbaC3.xlsx,ok,артикул | наименование | цена | заказ | сумма,
2025-10-17_08-41-20__X87kgKZaMUumFRpMJitzjfGN9jO9acVQ91oGBA1J.xlsx,ok,артикул | наименование | цена | заказ | сумма,
2025-10-20_10-39-59__uqXyXYknZdGwJpWsMRdIkCJXQVWHUmpwpISGPgIC.xlsx,ok,артикул | наименование | цена | заказ | сумма,
2025-10-21_09-32-31__sG7TKkYh0ItfUh0SJly6IOCQop5Swgg9HSwn3gv9.xlsx,ok,артикул | наименование | цена | заказ | сумма,
2025-10-22_08-40-26__iWOZ9im04fREkeIdasqxDNGkmvW5h9JwBGuQoLI3.xlsx,ok,артикул | наименование | цена | заказ | сумма,
2025-10-23_08-39-13__YBGG4LyoWGt9lnCeEa8sLiGYbe0P9ImNHzEXuhhf.xlsx,ok,артикул | наименование | цена | заказ | сумма,
2025-10-24_08-24-22__a2ABLIYhSYy7Ll2bZtNCA2vH77dkQfoiL2Jnwr8q.xlsx,ok,артикул | наименование | цена | заказ | сумма,
2025-10-27_08-03-10__NLUWl3IjIMQ11Fx8sMwYild4CBaibXVPBjepX1Cy.xlsx,ok,артикул | наименование | цена | заказ | сумма,
2025-10-27_09-43-52__nm2o4KR9W2ydBOE16wauiR1CW77pyM7qb6bdXSH5.xlsx,ok,артикул | наименование | цена | заказ | сумма,
2025-10-28_09-44-07__cb4aaiyENwecoAKOCqJQvM0XVnO4Cu3rapintEKp.xlsx,ok,артикул | наименование | цена | заказ | сумма,
2025-10-29_07-58-08__xLf5cB1fy5q5vN0ZkLvpa9SFcF9m99zCXidr698u.xlsx,ok,артикул | наименование | цена | заказ | сумма,
2025-10-30_08-21-50__NimY7qsdrgUPA9X3Rxgq5hwWkE8WbOOwKS3OsWja.xlsx,ok,артикул | наименование | цена | заказ | сумма,
2025-10-31_08-21-48__RPllSHUCrD3jjDhJxmGHHjE5XivFrOtqs82wyHIv.xlsx,ok,артикул | наименование | цена | заказ | сумма,
2025-11-01_08-03-08__g6xjJ1gJJjDy5k99CGRAdF29I5nDwNPUiIIwaS41.xlsx,ok,артикул | наименование | цена | заказ | сумма,
2025-11-05_08-44-32__7uKYFMh22CABUKQQFDqjPKvWnWD4gi5qwokm00ah.xlsx,ok,артикул | наименование | цена | заказ | сумма,
2025-11-06_07-47-23__P9uJNv0wWlHS6wbWn0EZC15Ptmec8TToaXoTynZD.xlsx,ok,артикул | наименование | цена | заказ | сумма,
2025-11-07_08-49-29__NEPl93AIgZqR242lHs6Pvt0zjddhEghyo65fe3fR.xlsx,ok,артикул | наименование | цена | заказ | сумма,
2025-11-10_09-00-12__lbzhAJwpk6SEQz5Cx0nxaA8qAo9rN1zZonc9FAjn.xlsx,ok,артикул | наименование | цена | заказ | сумма,
2025-11-11_07-43-48__M97tWYWAqvM4f3AmlkGjWgLEERlcnlywEEW069H8.xlsx,ok,артикул | наименование | цена | заказ | сумма,
2025-11-12_07-49-50__ymCDu1D1qbwu6Kvmi79gc7G2O1GabaKbDeiBRDkY.xlsx,ok,артикул | наименование | цена | заказ | сумма,
2025-11-13_08-23-40__cRzNTcyqf8lzYdmPGWxD9Gyw5ln6ngInRoB0cUjS.xlsx,ok,артикул | наименование | цена | заказ | сумма,
2025-11-14_07-58-03__iZ8iJrQYGZeai2soxjj4aK5pWh9XXXKxFXiNMAoM.xlsx,ok,артикул | наименование | цена | заказ | сумма,
2025-11-17_08-02-36__Bp7jejrpcESOgtX9pjyu0Yq1U4vYUD65ovSsy5UE.xlsx,ok,артикул | наименование | цена | заказ | сумма,
2025-11-18_08-58-43__yrAghpg9O85Sl5dhqC7s0Ubt0NbK7roBTzOUY2ar.xlsx,ok,артикул | наименование | цена | заказ | сумма,
2025-11-19_08-19-16__aGiLU4INDGq0v3btx5U0u909UcDm6oc7cQ5TMS3z.xlsx,ok,артикул | наименование | цена | заказ | сумма,
2025-11-20_08-40-13__EhBN8tyavatFn45pcbVWhjFJnZReqOAt5Z0RiKPg.xlsx,ok,артикул | наименование | цена | заказ | сумма,
2025-11-21_08-56-29__eKsiTQEwUwVr9ZTiualhBQoZe6cAZaXuGuOPmAUh.xlsx,ok,артикул | наименование | цена | заказ | сумма,
2025-11-24_08-29-38__cCZ3wWCU8FoCO5YiBKD7PCs5Wf6WqCWaz66gLARA.xlsx,ok,артикул | наименование | цена | заказ | сумма,
2025-11-25_20-33-08__9248Rn4A3AbohUevUByKFEjKpE4wpKVbIHtWZoVY.xlsx,ok,артикул | наименование | цена | заказ | сумма,
2025-11-26_08-35-07__obGCHlQPrNcPv2xg6Zs3Ujxuizswk2JjHjSl5OwM.xlsx,ok,артикул | наименование | цена | заказ | сумма,
2025-11-27_08-41-49__R6QmaJNqYuUJCuMOdqzLdWD33KKoHMuJyTx5VAxQ.xlsx,ok,артикул | наименование | цена | заказ | сумма,
2025-11-28_08-31-44__X9NFKi82h76hjT2rSVmtjekErCifFhFbLQMpp5IH.xlsx,ok,артикул | наименование | цена | заказ | сумма,
2025-12-01_08-33-05__oEm6QmDHw3CofYWI8EcvnRKAVfJj0g0EpQyzfuSn.xlsx,ok,артикул | наименование | цена | заказ | сумма,
2025-12-03_08-11-00__YU9FquZlUbA8xGzQNi2cIwNzwxdaEqK4O0PHH6jz.xlsx,ok,артикул | наименование | цена | заказ | сумма,
2025-12-04_09-21-00__G7BYAXXGRtEvHbgHNUW0B0g58z7jk5fhEsUC2Naz.xlsx,ok,артикул | наименование | цена | заказ | сумма,
2025-12-05_08-09-47__xmlZyv4uBpboK0kgZ2HeC6x5rJEhJFStIIz6bYrV.xlsx,ok,артикул | наименование | цена | заказ | сумма,
2025-12-08_09-12-18__aoWA74IXVOAzpwCK9keb2TKMgjNih7XkOQzEXuz8.xlsx,ok,артикул | наименование | цена | заказ | сумма,
2025-12-09_08-10-23__yHiVRLgIAnUIdILH7kD9kN5eEPuQJdEoQaqj7pCY.xlsx,ok,артикул | наименование | цена | заказ | сумма,
2025-12-09_08-41-10__iOk8PM553DkM612kjs896hQqemkEBA9lbQ7n6Gd0.xlsx,ok,артикул | наименование | цена | заказ | сумма,
2025-12-11_09-13-01__yHrNd92V6WfsaE5dEW9lOGvG0PEqbXEOj3uaLB2R.xlsx,ok,артикул | наименование | цена | заказ | сумма,
2025-12-12_07-36-20__Hw236D0W7szrpV2bWMvvm68TpeGm9VcQaYNc1NiA.xlsx,ok,артикул | наименование | цена | заказ | сумма,
2025-12-12_09-24-33__D2sJmZEd099tKD3Te152sCVQIHed6zuQ5oP19K4n.xlsx,ok,артикул | наименование | цена | заказ | сумма,
2025-12-15_08-49-27__JTWJ1fbDuEK94m6m7Lz3G35u6FwNFUEGpJEyekdj.xlsx,ok,артикул | наименование | цена | заказ | сумма,
2025-12-16_08-35-29__AVN03zQuN01JoWcISsRZOOHMtFkRpt1N0XlMgTjI.xlsx,ok,артикул | наименование | цена | заказ | сумма,
2025-12-17_08-21-31__3VcXclPEr9goQu4Ml65Wrl0AAgtXsujxeCYOtCvm.xlsx,ok,артикул | наименование | цена | заказ | сумма,
2025-12-18_08-50-38__GEyaLBW04cQOuSsw1Wdu7fGuzSm4VaqX2uQqnolZ.xlsx,ok,артикул | наименование | цена | заказ | сумма,
2025-12-19_08-38-53__MRTAabLud21TkHvMZSCcahVwdqpIKIefYD5F8uBl.xlsx,ok,артикул | наименование | цена | заказ | сумма,
2025-12-22_08-46-15__QaDCFdkjCdteSCCndGqJ4ifVP7P9AByhJSYLb6kV.xlsx,ok,артикул | наименование | цена | заказ | сумма,
2025-12-23_08-29-15__8JTacPmfw5Qa8W7UmlmvvfSKIEMrUHHlT1uzUk6r.xlsx,ok,артикул | наименование | цена | заказ | сумма,
2025-12-24_08-54-29__VsCKLce80hBBf1WwDlqF9VYjiH5wHZyMfF6FtX0E.xlsx,ok,артикул | наименование | цена | заказ | сумма,
2025-12-25_08-34-20__TP7NMNdTP0wQnOwXfxmYQYVzOwWuhGQ3FKD6IIZm.xlsx,ok,артикул | наименование | цена | заказ | сумма,
2025-12-26_08-40-44__os1BqxB9OHYYX7UA7TMBEMhQDfyYBU7VIzTiVUMu.xlsx,ok,артикул | наименование | цена | заказ | сумма,
2025-12-27_07-04-10__R4gYqkg9gBsHYfPMcyZxUdztES4eJGkQMOZuifZA.xlsx,ok,артикул | наименование | цена | заказ | сумма,
2025-12-29_07-08-28__xZmqW1chFRAodZSFodbkyy6x5Xd5BRbKkj9OuCO7.xlsx,ok,артикул | наименование | цена | заказ | сумма,
2025-12-30_09-14-33__cZZsiV9IhxzJ9BD824gdw1l7xDk9OStJi5eH9IkC.xlsx,ok,артикул | наименование | цена | заказ | сумма,
2026-01-08_12-42-39__00ZcQNVNQTy1PWSjKahBddBVeGWc5OaxrVJ3FIhy.xlsx,ok,артикул | наименование | цена | заказ | сумма,
2026-01-12_08-09-57__ONCcCgUZm9NrgcqHJsGDy4AVnKyJBCE0FtwWAqVV.xlsx,ok,артикул | наименование | цена | заказ | сумма,
2026-01-12_08-41-51__jYtDP2rriYmDhx0bYUaGtuvG4yx6SetnJOQEGB9o.xlsx,ok,артикул | наименование | цена | заказ | сумма,
2026-01-13_07-42-49__j71sqNytoLUYdKvXKmH1uoNXG0rk3NbenlnoSl0V.xlsx,ok,артикул | наименование | цена | заказ | сумма,
2026-01-13_08-47-40__GEwqTnwRf9h6qPGo6iZbo28ALXR1XM6dzDjd5P3K.xlsx,ok,артикул | наименование | цена | заказ | сумма,
2026-01-14_08-16-55__z0xAAUcHd6DhqZrDFSBCQSyRDI1DHGSlmXwazBSV.xlsx,ok,артикул | наименование | цена | заказ | сумма,
2026-01-15_06-47-54__loHGuGZM4CBZoduvrEJssyYQFllZ6bXbI7OHYO3x.xlsx,ok,артикул | наименование | цена | заказ | сумма,
2026-01-15_10-11-08__ovo3YxPwFOeYAOBumlReMXINuOx734tGlqqeleqv.xlsx,ok,артикул | наименование | цена | заказ | сумма,
2026-01-16_09-01-43__L9TfErywkTTl8yNqlfOAiEKNldw7W0DFZKiclojJ.xlsx,ok,артикул | наименование | цена | заказ | сумма,
2026-01-19_08-44-45__giYKHDHP2mXi5nJXI8XhQmsKbNpcARh0X5lT1DT8.xlsx,ok,артикул | наименование | цена | заказ | сумма,
2026-01-20_08-39-01__lGAXDYr3obrq1CgU0Eu7aVLauaXVRXCbjsLDiZaR.xlsx,ok,артикул | наименование | цена | заказ | сумма,
2026-01-21_08-26-13__mJFNl7wp6Urq5zivddh78vrOFIt35z98m1DPpgof.xlsx,ok,артикул | наименование | цена | заказ | сумма,
2026-01-22_06-23-24__9Jk5do8L63MqzPOnwjaFsYElHpCisyU1cTV9MAGQ.xlsx,ok,артикул | наименование | цена | заказ | сумма,
2026-01-22_08-50-55__AEY0fzvdjQefIWkMchl4tXsHw9lSSK1WDD3jj9uC.xlsx,ok,артикул | наименование | цена | заказ | сумма,
2026-01-23_08-56-03__NvslsotPCl59ul2ByVuCDenRUwagkxaFXDSs25sf.xlsx,ok,артикул | наименование | цена | заказ | сумма,
2026-01-26_08-08-38__iwe7q2NTW0p7gZ2oNcnEpCabsDrveiQVzf8QdWnq.xlsx,ok,артикул | наименование | цена | заказ | сумма,
2026-01-27_06-14-35__Nv0Oa6hciOH53JnsDBurdqDEFN4cBxc4mcSjoX6K.xlsx,ok,артикул | наименование | цена | заказ | сумма,
2026-01-27_09-31-51__TsYxXT6x1wVebhVUBefSLoy5Alt6SBcZdAI3OT4M.xlsx,ok,артикул | наименование | цена | заказ | сумма,
2026-01-28_07-01-16__ofhPEAvirgiXMSGMrPnqgUgwSQCh39V009cav0As.xlsx,ok,артикул | наименование | цена | заказ | сумма,
2026-01-29_08-53-41__T6bYsJEmrmqCfmPYzrvYzAFerXYs2exlrK0Ws3EJ.xlsx,ok,артикул | наименование | цена | заказ | сумма,
2026-01-30_09-17-08__eWr4xzVQHX6xxOuj4u06Z3Nkw3JgasWP0KEyrHUn.xlsx,ok,артикул | наименование | цена | заказ | сумма,
2026-02-02_09-19-35__eBxYMtCTFbnzO0etsYZzcOSe9KHghnCo6ZkdMWLJ.xlsx,ok,артикул | наименование | цена | заказ | сумма,
2026-02-03_09-14-26__9jmC50xNgvGsUrs25vissNoC8EvdExAXzncW1EBm.xlsx,ok,артикул | наименование | цена | заказ | сумма,
2026-02-04_11-56-30__4fUvWE7bdDlNLeCAIkdf3ZvPEu4JNzWUOZ5agOTa.xlsx,ok,артикул | наименование | цена | заказ | сумма,
2026-02-05_08-35-00__mZKZEm1Ulx85cH9Vsdb6yluiIT9Bl4pEKIJHSLkD.xlsx,ok,артикул | наименование | цена | заказ | сумма,
2026-02-06_08-49-21__AABkxRXAAkk4w4qgsYXXHOMVuZTP94X2ldtxjFit.xlsx,ok,артикул | наименование | цена | заказ | сумма,
2026-02-09_06-42-37__cATwE6zoZCwS3dln6iUaS6HdBRiSn1catpxnWy3y.xlsx,ok,артикул | наименование | цена | заказ | сумма,
2026-02-10_08-50-11__lMwt5YGZ1cMVOn6MTab1F4iqDn6fxL9yh9efFUbR.xlsx,ok,артикул | наименование | цена | заказ | сумма,
2026-02-11_07-01-47__l2aEIYtatfKZhgJXrS7mikolXKmevvTU2RzrHURf.xlsx,ok,артикул | наименование | цена | заказ | сумма,
2026-02-12_07-20-30__WVb7xVT7Ys16JCU22nuRPUsPL9Ct03Obg3HQYhNf.xlsx,ok,артикул | наименование | цена | заказ | сумма,
2026-02-13_06-45-11__VIrwsH1eh7ZzyrHpuWU9WWxFFXdLIeWjrxB8D2Qz.xlsx,ok,артикул | наименование | цена | заказ | сумма,
2026-02-16_09-15-26__ZtwwtIBIhC6OCxBVsZWRWYs9DTXNszuQspwjKQGc.xlsx,ok,артикул | наименование | цена | заказ | сумма,
2026-02-17_08-38-14__SIPj5NLlgJqbibLENXyBrisLCNq6mZuibLuBkd9b.xlsx,ok,артикул | наименование | цена | заказ | сумма,
2026-02-18_08-39-44__pc0s61hEFhOuGouPzPLixlFULOXgpITVdcVS1SUv.xlsx,ok,артикул | наименование | цена | заказ | сумма,
2026-02-19_09-07-55__IOfvo4nWiKW5TrCiT0zDhUQE7e3mwOa9F0Pg6uU0.xlsx,ok,артикул | наименование | цена | заказ | сумма,
2026-02-20_08-55-27__Ztqu2xITPOIEMKetzjhjybaUIQo9wp7OI9FGD5Tk.xlsx,ok,артикул | наименование | цена | заказ | сумма,
